Version,id
24.10103.0.9116,862707644
24.10729.0.9130,868335741
24.11227.0.9176,871628126
