Version,id
28.8.420716001,867506752
28.9.420724004,867700263
29.0.420809001,868086581
29.1.420822001,868250345
29.2.420906001,868797993
29.2.420911003,868923069
