Version,id
28.8.420716001,867506752
28.9.420724004,867700263
29.0.420809001,868086581
