Version,id
6.0.240707,867361309
6.0.240714,867592119
6.0.240721,867773615
6.0.240728,867943786
6.0.240729,868114021
6.0.240804,868165381
6.0.240811,868302502
6.0.240818,868543499
6.0.240825,868729986
6.0.240901,868940554
6.0.240908,869046562
6.0.240915,869246191
6.0.240922,869392113
6.0.240923,869498060
6.0.241006,869658817
6.0.241013,869826416
6.0.241020,869981844
