Version,id
6.0.240707,867361309
6.0.240714,867592119
