Version,id
6.0.240707,867361309
6.0.240714,867592119
6.0.240721,867773615
6.0.240728,867943786
6.0.240729,868114021
6.0.240804,868165381
