Version,id
4.2429.11801,867561169
4.2430.11801,867770561
4.2431.11404,868106785
4.2431.11405,868216952
4.2433.11801,868271764
