Version,id
4.2429.11801,867561169
4.2430.11801,867770561
4.2431.11404,868106785
4.2431.11405,868216952
4.2433.11801,868271764
4.2434.11600,868448823
4.2434.11601,868542144
4.2434.11602,868763675
4.2436.11801,868823317
4.2437.11601,869000620
4.2437.11602,869077736
4.2438.11801,869099678
