Version,id
28.8.420712002,867424999
28.9.420724003,867507426
28.9.420809001,868085706
29.2.420906002,868799492
29.2.420911004,868924311
29.2.420912008,868949691
