Version,id
28.8.420712002,867424999
28.9.420724003,867507426
28.9.420809001,868085706
