Version,id
28.8.420712002,867424999
28.9.420724003,867507426
28.9.420809001,868085706
29.2.420906002,868799492
29.2.420911004,868924311
29.2.420912008,868949691
30.0.420926001,869310409
30.0.421001001,869415446
30.0.421007001,869522627
30.0.421009001,869601626
30.4.421010001,869605532
30.4.421011002,869655679
30.4.421011003,869676522
