Version,id
1.6.200827,837481536
1.6.211129,870497917
