Version,id
24.10103.0.9116,862707644
24.10729.0.9130,868335741
