Version,id
1.0.227845,867428296
1.0.262342,869015282
1.0.291536,870474020
1.0.329702,871589383
1.0.329703,871889569
1.0.368636,873324082
1.0.368638,874136161
