Version,id
1.0.227845,867428296
1.0.262342,869015282
