Version,id
6.0.240714,867592119
6.0.240721,867773615
