Version,id
6.0.240714,867592119
6.0.240721,867773615
6.0.240728,867943786
6.0.240729,868114021
6.0.240804,868165381
6.0.240811,868302502
6.0.240818,868543499
6.0.240825,868729986
6.0.240901,868940554
6.0.240908,869046562
