Version,id
4.2429.11801,867561169
4.2430.11801,867770561
